Modelo,RMSE,MAE,MAPE,sMAPE,MASE,R2
XGBoost,41.879534186996686,33.81830724080404,15.026492348908441,15.075190330192084,0.6601266651473054,0.03904027030486101
SARIMA,42.1173058605489,33.48114602317788,14.929288301197863,14.957280286875294,0.6535453448989632,0.02809756846071587
Naive,45.44098737190174,35.083333333333336,15.463123021764996,15.593169686946146,0.6848197241416396,-0.1313501068938181
Seasonal Naive,47.827641937830606,37.68333333333333,16.755174016001355,16.80461128525628,0.7355712096362218,-0.2533127038740659
